split,class_folder,class_label,class_index,filename,relative_path
train,BDC-BDR,Broken down crown/roots,0,101.jpg,BDC-BDR\101.jpg
train,BDC-BDR,Broken down crown/roots,0,106.jpg,BDC-BDR\106.jpg
train,BDC-BDR,Broken down crown/roots,0,107.jpg,BDC-BDR\107.jpg
train,BDC-BDR,Broken down crown/roots,0,110.jpg,BDC-BDR\110.jpg
train,BDC-BDR,Broken down crown/roots,0,114.jpg,BDC-BDR\114.jpg
train,BDC-BDR,Broken down crown/roots,0,119.jpg,BDC-BDR\119.jpg
train,BDC-BDR,Broken down crown/roots,0,120.jpg,BDC-BDR\120.jpg
train,BDC-BDR,Broken down crown/roots,0,131.jpg,BDC-BDR\131.jpg
train,BDC-BDR,Broken down crown/roots,0,133.jpg,BDC-BDR\133.jpg
train,BDC-BDR,Broken down crown/roots,0,139.jpg,BDC-BDR\139.jpg
train,BDC-BDR,Broken down crown/roots,0,149.jpg,BDC-BDR\149.jpg
train,BDC-BDR,Broken down crown/roots,0,151.jpg,BDC-BDR\151.jpg
train,BDC-BDR,Broken down crown/roots,0,152.jpg,BDC-BDR\152.jpg
train,BDC-BDR,Broken down crown/roots,0,157.jpg,BDC-BDR\157.jpg
train,BDC-BDR,Broken down crown/roots,0,177.jpg,BDC-BDR\177.jpg
train,BDC-BDR,Broken down crown/roots,0,207.jpg,BDC-BDR\207.jpg
train,BDC-BDR,Broken down crown/roots,0,215.jpg,BDC-BDR\215.jpg
train,BDC-BDR,Broken down crown/roots,0,228.jpg,BDC-BDR\228.jpg
train,BDC-BDR,Broken down crown/roots,0,26.jpg,BDC-BDR\26.jpg
train,BDC-BDR,Broken down crown/roots,0,30.jpg,BDC-BDR\30.jpg
train,BDC-BDR,Broken down crown/roots,0,39.jpg,BDC-BDR\39.jpg
train,BDC-BDR,Broken down crown/roots,0,51.jpg,BDC-BDR\51.jpg
train,BDC-BDR,Broken down crown/roots,0,54.jpg,BDC-BDR\54.jpg
train,BDC-BDR,Broken down crown/roots,0,6.jpg,BDC-BDR\6.jpg
train,BDC-BDR,Broken down crown/roots,0,68.jpg,BDC-BDR\68.jpg
train,BDC-BDR,Broken down crown/roots,0,73.jpg,BDC-BDR\73.jpg
train,BDC-BDR,Broken down crown/roots,0,85.jpg,BDC-BDR\85.jpg
train,BDC-BDR,Broken down crown/roots,0,9.jpg,BDC-BDR\9.jpg
train,BDC-BDR,Broken down crown/roots,0,91.jpg,BDC-BDR\91.jpg
train,BDC-BDR,Broken down crown/roots,0,92.jpg,BDC-BDR\92.jpg
train,BDC-BDR,Broken down crown/roots,0,94.jpg,BDC-BDR\94.jpg
train,Caries,Caries,1,103.jpg,Caries\103.jpg
train,Caries,Caries,1,104.jpg,Caries\104.jpg
train,Caries,Caries,1,11.jpg,Caries\11.jpg
train,Caries,Caries,1,110.jpg,Caries\110.jpg
train,Caries,Caries,1,111.jpg,Caries\111.jpg
train,Caries,Caries,1,112.jpg,Caries\112.jpg
train,Caries,Caries,1,115.jpg,Caries\115.jpg
train,Caries,Caries,1,116.jpg,Caries\116.jpg
train,Caries,Caries,1,118.jpg,Caries\118.jpg
train,Caries,Caries,1,119.jpg,Caries\119.jpg
train,Caries,Caries,1,125.jpg,Caries\125.jpg
train,Caries,Caries,1,127.jpg,Caries\127.jpg
train,Caries,Caries,1,133.jpg,Caries\133.jpg
train,Caries,Caries,1,135.jpg,Caries\135.jpg
train,Caries,Caries,1,136.jpg,Caries\136.jpg
train,Caries,Caries,1,137.jpg,Caries\137.jpg
train,Caries,Caries,1,139.jpg,Caries\139.jpg
train,Caries,Caries,1,141.jpg,Caries\141.jpg
train,Caries,Caries,1,143.jpg,Caries\143.jpg
train,Caries,Caries,1,147.jpg,Caries\147.jpg
train,Caries,Caries,1,149.jpg,Caries\149.jpg
train,Caries,Caries,1,150.jpg,Caries\150.jpg
train,Caries,Caries,1,155.jpg,Caries\155.jpg
train,Caries,Caries,1,160.jpg,Caries\160.jpg
train,Caries,Caries,1,166.jpg,Caries\166.jpg
train,Caries,Caries,1,170.jpg,Caries\170.jpg
train,Caries,Caries,1,172.jpg,Caries\172.jpg
train,Caries,Caries,1,177.jpg,Caries\177.jpg
train,Caries,Caries,1,182.jpg,Caries\182.jpg
train,Caries,Caries,1,2.jpg,Caries\2.jpg
train,Caries,Caries,1,203.jpg,Caries\203.jpg
train,Caries,Caries,1,209.jpg,Caries\209.jpg
train,Caries,Caries,1,21.jpg,Caries\21.jpg
train,Caries,Caries,1,211.jpg,Caries\211.jpg
train,Caries,Caries,1,218.jpg,Caries\218.jpg
train,Caries,Caries,1,22.jpg,Caries\22.jpg
train,Caries,Caries,1,221.jpg,Caries\221.jpg
train,Caries,Caries,1,223.jpg,Caries\223.jpg
train,Caries,Caries,1,225.jpg,Caries\225.jpg
train,Caries,Caries,1,226.jpg,Caries\226.jpg
train,Caries,Caries,1,229.jpg,Caries\229.jpg
train,Caries,Caries,1,230.jpg,Caries\230.jpg
train,Caries,Caries,1,239.jpg,Caries\239.jpg
train,Caries,Caries,1,243.jpg,Caries\243.jpg
train,Caries,Caries,1,246.jpg,Caries\246.jpg
train,Caries,Caries,1,25.jpg,Caries\25.jpg
train,Caries,Caries,1,250.jpg,Caries\250.jpg
train,Caries,Caries,1,260.jpg,Caries\260.jpg
train,Caries,Caries,1,29.jpg,Caries\29.jpg
train,Caries,Caries,1,3.jpg,Caries\3.jpg
train,Caries,Caries,1,38.jpg,Caries\38.jpg
train,Caries,Caries,1,40.jpg,Caries\40.jpg
train,Caries,Caries,1,43.jpg,Caries\43.jpg
train,Caries,Caries,1,5.jpg,Caries\5.jpg
train,Caries,Caries,1,51.jpg,Caries\51.jpg
train,Caries,Caries,1,53.jpg,Caries\53.jpg
train,Caries,Caries,1,6.jpg,Caries\6.jpg
train,Caries,Caries,1,61.jpg,Caries\61.jpg
train,Caries,Caries,1,62.jpg,Caries\62.jpg
train,Caries,Caries,1,65.jpg,Caries\65.jpg
train,Caries,Caries,1,66.jpg,Caries\66.jpg
train,Caries,Caries,1,77.jpg,Caries\77.jpg
train,Caries,Caries,1,79.jpg,Caries\79.jpg
train,Caries,Caries,1,8.jpg,Caries\8.jpg
train,Caries,Caries,1,80.jpg,Caries\80.jpg
train,Caries,Caries,1,84.jpg,Caries\84.jpg
train,Caries,Caries,1,90.jpg,Caries\90.jpg
train,Caries,Caries,1,91.jpg,Caries\91.jpg
train,Caries,Caries,1,92.jpg,Caries\92.jpg
train,Caries,Caries,1,93.jpg,Caries\93.jpg
train,Caries,Caries,1,95.jpg,Caries\95.jpg
train,Healthy Teeth,Healthy teeth,2,1.jpg,Healthy Teeth\1.jpg
train,Healthy Teeth,Healthy teeth,2,10.jpg,Healthy Teeth\10.jpg
train,Healthy Teeth,Healthy teeth,2,102.jpg,Healthy Teeth\102.jpg
train,Healthy Teeth,Healthy teeth,2,103.jpg,Healthy Teeth\103.jpg
train,Healthy Teeth,Healthy teeth,2,104.jpg,Healthy Teeth\104.jpg
train,Healthy Teeth,Healthy teeth,2,105.jpg,Healthy Teeth\105.jpg
train,Healthy Teeth,Healthy teeth,2,106.jpg,Healthy Teeth\106.jpg
train,Healthy Teeth,Healthy teeth,2,108.jpg,Healthy Teeth\108.jpg
train,Healthy Teeth,Healthy teeth,2,11.jpg,Healthy Teeth\11.jpg
train,Healthy Teeth,Healthy teeth,2,110.jpg,Healthy Teeth\110.jpg
train,Healthy Teeth,Healthy teeth,2,111.jpg,Healthy Teeth\111.jpg
train,Healthy Teeth,Healthy teeth,2,112.jpg,Healthy Teeth\112.jpg
train,Healthy Teeth,Healthy teeth,2,113.jpg,Healthy Teeth\113.jpg
train,Healthy Teeth,Healthy teeth,2,114.jpg,Healthy Teeth\114.jpg
train,Healthy Teeth,Healthy teeth,2,115.jpg,Healthy Teeth\115.jpg
train,Healthy Teeth,Healthy teeth,2,116.jpg,Healthy Teeth\116.jpg
train,Healthy Teeth,Healthy teeth,2,118.jpg,Healthy Teeth\118.jpg
train,Healthy Teeth,Healthy teeth,2,119.jpg,Healthy Teeth\119.jpg
train,Healthy Teeth,Healthy teeth,2,120.jpg,Healthy Teeth\120.jpg
train,Healthy Teeth,Healthy teeth,2,121.jpg,Healthy Teeth\121.jpg
train,Healthy Teeth,Healthy teeth,2,122.jpg,Healthy Teeth\122.jpg
train,Healthy Teeth,Healthy teeth,2,124.jpg,Healthy Teeth\124.jpg
train,Healthy Teeth,Healthy teeth,2,125.jpg,Healthy Teeth\125.jpg
train,Healthy Teeth,Healthy teeth,2,128.jpg,Healthy Teeth\128.jpg
train,Healthy Teeth,Healthy teeth,2,129.jpg,Healthy Teeth\129.jpg
train,Healthy Teeth,Healthy teeth,2,13.jpg,Healthy Teeth\13.jpg
train,Healthy Teeth,Healthy teeth,2,130.jpg,Healthy Teeth\130.jpg
train,Healthy Teeth,Healthy teeth,2,132.jpg,Healthy Teeth\132.jpg
train,Healthy Teeth,Healthy teeth,2,133.jpg,Healthy Teeth\133.jpg
train,Healthy Teeth,Healthy teeth,2,138.jpg,Healthy Teeth\138.jpg
train,Healthy Teeth,Healthy teeth,2,139.jpg,Healthy Teeth\139.jpg
train,Healthy Teeth,Healthy teeth,2,145.jpg,Healthy Teeth\145.jpg
train,Healthy Teeth,Healthy teeth,2,146.jpg,Healthy Teeth\146.jpg
train,Healthy Teeth,Healthy teeth,2,149.jpg,Healthy Teeth\149.jpg
train,Healthy Teeth,Healthy teeth,2,15.jpg,Healthy Teeth\15.jpg
train,Healthy Teeth,Healthy teeth,2,151.jpg,Healthy Teeth\151.jpg
train,Healthy Teeth,Healthy teeth,2,153.jpg,Healthy Teeth\153.jpg
train,Healthy Teeth,Healthy teeth,2,154.jpg,Healthy Teeth\154.jpg
train,Healthy Teeth,Healthy teeth,2,155.jpg,Healthy Teeth\155.jpg
train,Healthy Teeth,Healthy teeth,2,156.jpg,Healthy Teeth\156.jpg
train,Healthy Teeth,Healthy teeth,2,157.jpg,Healthy Teeth\157.jpg
train,Healthy Teeth,Healthy teeth,2,158.jpg,Healthy Teeth\158.jpg
train,Healthy Teeth,Healthy teeth,2,159.jpg,Healthy Teeth\159.jpg
train,Healthy Teeth,Healthy teeth,2,160.jpg,Healthy Teeth\160.jpg
train,Healthy Teeth,Healthy teeth,2,164.jpg,Healthy Teeth\164.jpg
train,Healthy Teeth,Healthy teeth,2,165.jpg,Healthy Teeth\165.jpg
train,Healthy Teeth,Healthy teeth,2,166.jpg,Healthy Teeth\166.jpg
train,Healthy Teeth,Healthy teeth,2,167.jpg,Healthy Teeth\167.jpg
train,Healthy Teeth,Healthy teeth,2,168.jpg,Healthy Teeth\168.jpg
train,Healthy Teeth,Healthy teeth,2,177.jpg,Healthy Teeth\177.jpg
train,Healthy Teeth,Healthy teeth,2,178.jpg,Healthy Teeth\178.jpg
train,Healthy Teeth,Healthy teeth,2,180.jpg,Healthy Teeth\180.jpg
train,Healthy Teeth,Healthy teeth,2,182.jpg,Healthy Teeth\182.jpg
train,Healthy Teeth,Healthy teeth,2,183.jpg,Healthy Teeth\183.jpg
train,Healthy Teeth,Healthy teeth,2,185.jpg,Healthy Teeth\185.jpg
train,Healthy Teeth,Healthy teeth,2,19.jpg,Healthy Teeth\19.jpg
train,Healthy Teeth,Healthy teeth,2,193.jpg,Healthy Teeth\193.jpg
train,Healthy Teeth,Healthy teeth,2,199.jpg,Healthy Teeth\199.jpg
train,Healthy Teeth,Healthy teeth,2,2.jpg,Healthy Teeth\2.jpg
train,Healthy Teeth,Healthy teeth,2,205.jpg,Healthy Teeth\205.jpg
train,Healthy Teeth,Healthy teeth,2,207.jpg,Healthy Teeth\207.jpg
train,Healthy Teeth,Healthy teeth,2,208.jpg,Healthy Teeth\208.jpg
train,Healthy Teeth,Healthy teeth,2,209.jpg,Healthy Teeth\209.jpg
train,Healthy Teeth,Healthy teeth,2,211.jpg,Healthy Teeth\211.jpg
train,Healthy Teeth,Healthy teeth,2,213.jpg,Healthy Teeth\213.jpg
train,Healthy Teeth,Healthy teeth,2,214.jpg,Healthy Teeth\214.jpg
train,Healthy Teeth,Healthy teeth,2,215.jpg,Healthy Teeth\215.jpg
train,Healthy Teeth,Healthy teeth,2,217.jpg,Healthy Teeth\217.jpg
train,Healthy Teeth,Healthy teeth,2,22.jpg,Healthy Teeth\22.jpg
train,Healthy Teeth,Healthy teeth,2,223.jpg,Healthy Teeth\223.jpg
train,Healthy Teeth,Healthy teeth,2,226.jpg,Healthy Teeth\226.jpg
train,Healthy Teeth,Healthy teeth,2,229.jpg,Healthy Teeth\229.jpg
train,Healthy Teeth,Healthy teeth,2,23.jpg,Healthy Teeth\23.jpg
train,Healthy Teeth,Healthy teeth,2,231.jpg,Healthy Teeth\231.jpg
train,Healthy Teeth,Healthy teeth,2,233.jpg,Healthy Teeth\233.jpg
train,Healthy Teeth,Healthy teeth,2,235.jpg,Healthy Teeth\235.jpg
train,Healthy Teeth,Healthy teeth,2,236.jpg,Healthy Teeth\236.jpg
train,Healthy Teeth,Healthy teeth,2,239.jpg,Healthy Teeth\239.jpg
train,Healthy Teeth,Healthy teeth,2,240.jpg,Healthy Teeth\240.jpg
train,Healthy Teeth,Healthy teeth,2,242.jpg,Healthy Teeth\242.jpg
train,Healthy Teeth,Healthy teeth,2,243.jpg,Healthy Teeth\243.jpg
train,Healthy Teeth,Healthy teeth,2,244.jpg,Healthy Teeth\244.jpg
train,Healthy Teeth,Healthy teeth,2,245.jpg,Healthy Teeth\245.jpg
train,Healthy Teeth,Healthy teeth,2,246.jpg,Healthy Teeth\246.jpg
train,Healthy Teeth,Healthy teeth,2,25.jpg,Healthy Teeth\25.jpg
train,Healthy Teeth,Healthy teeth,2,250.jpg,Healthy Teeth\250.jpg
train,Healthy Teeth,Healthy teeth,2,251.jpg,Healthy Teeth\251.jpg
train,Healthy Teeth,Healthy teeth,2,252.jpg,Healthy Teeth\252.jpg
train,Healthy Teeth,Healthy teeth,2,254.jpg,Healthy Teeth\254.jpg
train,Healthy Teeth,Healthy teeth,2,258.jpg,Healthy Teeth\258.jpg
train,Healthy Teeth,Healthy teeth,2,259.jpg,Healthy Teeth\259.jpg
train,Healthy Teeth,Healthy teeth,2,26.jpg,Healthy Teeth\26.jpg
train,Healthy Teeth,Healthy teeth,2,28.jpg,Healthy Teeth\28.jpg
train,Healthy Teeth,Healthy teeth,2,29.jpg,Healthy Teeth\29.jpg
train,Healthy Teeth,Healthy teeth,2,3.jpg,Healthy Teeth\3.jpg
train,Healthy Teeth,Healthy teeth,2,30.jpg,Healthy Teeth\30.jpg
train,Healthy Teeth,Healthy teeth,2,31.jpg,Healthy Teeth\31.jpg
train,Healthy Teeth,Healthy teeth,2,32.jpg,Healthy Teeth\32.jpg
train,Healthy Teeth,Healthy teeth,2,33.jpg,Healthy Teeth\33.jpg
train,Healthy Teeth,Healthy teeth,2,35.jpg,Healthy Teeth\35.jpg
train,Healthy Teeth,Healthy teeth,2,36.jpg,Healthy Teeth\36.jpg
train,Healthy Teeth,Healthy teeth,2,37.jpg,Healthy Teeth\37.jpg
train,Healthy Teeth,Healthy teeth,2,38.jpg,Healthy Teeth\38.jpg
train,Healthy Teeth,Healthy teeth,2,39.jpg,Healthy Teeth\39.jpg
train,Healthy Teeth,Healthy teeth,2,41.jpg,Healthy Teeth\41.jpg
train,Healthy Teeth,Healthy teeth,2,42.jpg,Healthy Teeth\42.jpg
train,Healthy Teeth,Healthy teeth,2,43.jpg,Healthy Teeth\43.jpg
train,Healthy Teeth,Healthy teeth,2,46.jpg,Healthy Teeth\46.jpg
train,Healthy Teeth,Healthy teeth,2,49.jpg,Healthy Teeth\49.jpg
train,Healthy Teeth,Healthy teeth,2,5.jpg,Healthy Teeth\5.jpg
train,Healthy Teeth,Healthy teeth,2,50.jpg,Healthy Teeth\50.jpg
train,Healthy Teeth,Healthy teeth,2,52.jpg,Healthy Teeth\52.jpg
train,Healthy Teeth,Healthy teeth,2,53.jpg,Healthy Teeth\53.jpg
train,Healthy Teeth,Healthy teeth,2,55.jpg,Healthy Teeth\55.jpg
train,Healthy Teeth,Healthy teeth,2,56.jpg,Healthy Teeth\56.jpg
train,Healthy Teeth,Healthy teeth,2,57.jpg,Healthy Teeth\57.jpg
train,Healthy Teeth,Healthy teeth,2,61.jpg,Healthy Teeth\61.jpg
train,Healthy Teeth,Healthy teeth,2,62.jpg,Healthy Teeth\62.jpg
train,Healthy Teeth,Healthy teeth,2,64.jpg,Healthy Teeth\64.jpg
train,Healthy Teeth,Healthy teeth,2,65.jpg,Healthy Teeth\65.jpg
train,Healthy Teeth,Healthy teeth,2,66.jpg,Healthy Teeth\66.jpg
train,Healthy Teeth,Healthy teeth,2,67.jpg,Healthy Teeth\67.jpg
train,Healthy Teeth,Healthy teeth,2,70.jpg,Healthy Teeth\70.jpg
train,Healthy Teeth,Healthy teeth,2,71.jpg,Healthy Teeth\71.jpg
train,Healthy Teeth,Healthy teeth,2,72.jpg,Healthy Teeth\72.jpg
train,Healthy Teeth,Healthy teeth,2,75.jpg,Healthy Teeth\75.jpg
train,Healthy Teeth,Healthy teeth,2,76.jpg,Healthy Teeth\76.jpg
train,Healthy Teeth,Healthy teeth,2,79.jpg,Healthy Teeth\79.jpg
train,Healthy Teeth,Healthy teeth,2,8.jpg,Healthy Teeth\8.jpg
train,Healthy Teeth,Healthy teeth,2,81.jpg,Healthy Teeth\81.jpg
train,Healthy Teeth,Healthy teeth,2,83.jpg,Healthy Teeth\83.jpg
train,Healthy Teeth,Healthy teeth,2,91.jpg,Healthy Teeth\91.jpg
train,Healthy Teeth,Healthy teeth,2,92.jpg,Healthy Teeth\92.jpg
train,Healthy Teeth,Healthy teeth,2,96.jpg,Healthy Teeth\96.jpg
train,Impacted teeth,Impacted teeth,3,10.jpg,Impacted teeth\10.jpg
train,Impacted teeth,Impacted teeth,3,102.jpg,Impacted teeth\102.jpg
train,Impacted teeth,Impacted teeth,3,104.jpg,Impacted teeth\104.jpg
train,Impacted teeth,Impacted teeth,3,112.jpg,Impacted teeth\112.jpg
train,Impacted teeth,Impacted teeth,3,115.jpg,Impacted teeth\115.jpg
train,Impacted teeth,Impacted teeth,3,12.jpg,Impacted teeth\12.jpg
train,Impacted teeth,Impacted teeth,3,122.jpg,Impacted teeth\122.jpg
train,Impacted teeth,Impacted teeth,3,123.jpg,Impacted teeth\123.jpg
train,Impacted teeth,Impacted teeth,3,127.jpg,Impacted teeth\127.jpg
train,Impacted teeth,Impacted teeth,3,13.jpg,Impacted teeth\13.jpg
train,Impacted teeth,Impacted teeth,3,131.jpg,Impacted teeth\131.jpg
train,Impacted teeth,Impacted teeth,3,133.jpg,Impacted teeth\133.jpg
train,Impacted teeth,Impacted teeth,3,135.jpg,Impacted teeth\135.jpg
train,Impacted teeth,Impacted teeth,3,148.jpg,Impacted teeth\148.jpg
train,Impacted teeth,Impacted teeth,3,15.jpg,Impacted teeth\15.jpg
train,Impacted teeth,Impacted teeth,3,153.jpg,Impacted teeth\153.jpg
train,Impacted teeth,Impacted teeth,3,154.jpg,Impacted teeth\154.jpg
train,Impacted teeth,Impacted teeth,3,161.jpg,Impacted teeth\161.jpg
train,Impacted teeth,Impacted teeth,3,162.jpg,Impacted teeth\162.jpg
train,Impacted teeth,Impacted teeth,3,169.jpg,Impacted teeth\169.jpg
train,Impacted teeth,Impacted teeth,3,170.jpg,Impacted teeth\170.jpg
train,Impacted teeth,Impacted teeth,3,171.jpg,Impacted teeth\171.jpg
train,Impacted teeth,Impacted teeth,3,172.jpg,Impacted teeth\172.jpg
train,Impacted teeth,Impacted teeth,3,176.jpg,Impacted teeth\176.jpg
train,Impacted teeth,Impacted teeth,3,189.jpg,Impacted teeth\189.jpg
train,Impacted teeth,Impacted teeth,3,191.jpg,Impacted teeth\191.jpg
train,Impacted teeth,Impacted teeth,3,193.jpg,Impacted teeth\193.jpg
train,Impacted teeth,Impacted teeth,3,2.jpg,Impacted teeth\2.jpg
train,Impacted teeth,Impacted teeth,3,203.jpg,Impacted teeth\203.jpg
train,Impacted teeth,Impacted teeth,3,204.jpg,Impacted teeth\204.jpg
train,Impacted teeth,Impacted teeth,3,208.jpg,Impacted teeth\208.jpg
train,Impacted teeth,Impacted teeth,3,209.jpg,Impacted teeth\209.jpg
train,Impacted teeth,Impacted teeth,3,214.jpg,Impacted teeth\214.jpg
train,Impacted teeth,Impacted teeth,3,220.jpg,Impacted teeth\220.jpg
train,Impacted teeth,Impacted teeth,3,223.jpg,Impacted teeth\223.jpg
train,Impacted teeth,Impacted teeth,3,23.jpg,Impacted teeth\23.jpg
train,Impacted teeth,Impacted teeth,3,25.jpg,Impacted teeth\25.jpg
train,Impacted teeth,Impacted teeth,3,250.jpg,Impacted teeth\250.jpg
train,Impacted teeth,Impacted teeth,3,253.jpg,Impacted teeth\253.jpg
train,Impacted teeth,Impacted teeth,3,30.jpg,Impacted teeth\30.jpg
train,Impacted teeth,Impacted teeth,3,36.jpg,Impacted teeth\36.jpg
train,Impacted teeth,Impacted teeth,3,42.jpg,Impacted teeth\42.jpg
train,Impacted teeth,Impacted teeth,3,5.jpg,Impacted teeth\5.jpg
train,Impacted teeth,Impacted teeth,3,6.jpg,Impacted teeth\6.jpg
train,Impacted teeth,Impacted teeth,3,60.jpg,Impacted teeth\60.jpg
train,Impacted teeth,Impacted teeth,3,62.jpg,Impacted teeth\62.jpg
train,Impacted teeth,Impacted teeth,3,66.jpg,Impacted teeth\66.jpg
train,Impacted teeth,Impacted teeth,3,75.jpg,Impacted teeth\75.jpg
train,Impacted teeth,Impacted teeth,3,83.jpg,Impacted teeth\83.jpg
train,Impacted teeth,Impacted teeth,3,85.jpg,Impacted teeth\85.jpg
train,Impacted teeth,Impacted teeth,3,86.jpg,Impacted teeth\86.jpg
train,Impacted teeth,Impacted teeth,3,92.jpg,Impacted teeth\92.jpg
train,Impacted teeth,Impacted teeth,3,98.jpg,Impacted teeth\98.jpg
val,BDC-BDR,Broken down crown/roots,0,11.jpg,BDC-BDR\11.jpg
val,BDC-BDR,Broken down crown/roots,0,125.jpg,BDC-BDR\125.jpg
val,BDC-BDR,Broken down crown/roots,0,19.jpg,BDC-BDR\19.jpg
val,BDC-BDR,Broken down crown/roots,0,2.jpg,BDC-BDR\2.jpg
val,BDC-BDR,Broken down crown/roots,0,21.jpg,BDC-BDR\21.jpg
val,BDC-BDR,Broken down crown/roots,0,214.jpg,BDC-BDR\214.jpg
val,BDC-BDR,Broken down crown/roots,0,222.jpg,BDC-BDR\222.jpg
val,BDC-BDR,Broken down crown/roots,0,229.jpg,BDC-BDR\229.jpg
val,BDC-BDR,Broken down crown/roots,0,34.jpg,BDC-BDR\34.jpg
val,BDC-BDR,Broken down crown/roots,0,62.jpg,BDC-BDR\62.jpg
val,BDC-BDR,Broken down crown/roots,0,77.jpg,BDC-BDR\77.jpg
val,Caries,Caries,1,101.jpg,Caries\101.jpg
val,Caries,Caries,1,117.jpg,Caries\117.jpg
val,Caries,Caries,1,120.jpg,Caries\120.jpg
val,Caries,Caries,1,123.jpg,Caries\123.jpg
val,Caries,Caries,1,131.jpg,Caries\131.jpg
val,Caries,Caries,1,142.jpg,Caries\142.jpg
val,Caries,Caries,1,144.jpg,Caries\144.jpg
val,Caries,Caries,1,19.jpg,Caries\19.jpg
val,Caries,Caries,1,20.jpg,Caries\20.jpg
val,Caries,Caries,1,204.jpg,Caries\204.jpg
val,Caries,Caries,1,210.jpg,Caries\210.jpg
val,Caries,Caries,1,215.jpg,Caries\215.jpg
val,Caries,Caries,1,217.jpg,Caries\217.jpg
val,Caries,Caries,1,220.jpg,Caries\220.jpg
val,Caries,Caries,1,222.jpg,Caries\222.jpg
val,Caries,Caries,1,23.jpg,Caries\23.jpg
val,Caries,Caries,1,232.jpg,Caries\232.jpg
val,Caries,Caries,1,26.jpg,Caries\26.jpg
val,Caries,Caries,1,37.jpg,Caries\37.jpg
val,Caries,Caries,1,42.jpg,Caries\42.jpg
val,Caries,Caries,1,52.jpg,Caries\52.jpg
val,Caries,Caries,1,54.jpg,Caries\54.jpg
val,Caries,Caries,1,59.jpg,Caries\59.jpg
val,Caries,Caries,1,64.jpg,Caries\64.jpg
val,Healthy Teeth,Healthy teeth,2,100.jpg,Healthy Teeth\100.jpg
val,Healthy Teeth,Healthy teeth,2,109.jpg,Healthy Teeth\109.jpg
val,Healthy Teeth,Healthy teeth,2,117.jpg,Healthy Teeth\117.jpg
val,Healthy Teeth,Healthy teeth,2,123.jpg,Healthy Teeth\123.jpg
val,Healthy Teeth,Healthy teeth,2,134.jpg,Healthy Teeth\134.jpg
val,Healthy Teeth,Healthy teeth,2,135.jpg,Healthy Teeth\135.jpg
val,Healthy Teeth,Healthy teeth,2,136.jpg,Healthy Teeth\136.jpg
val,Healthy Teeth,Healthy teeth,2,137.jpg,Healthy Teeth\137.jpg
val,Healthy Teeth,Healthy teeth,2,161.jpg,Healthy Teeth\161.jpg
val,Healthy Teeth,Healthy teeth,2,162.jpg,Healthy Teeth\162.jpg
val,Healthy Teeth,Healthy teeth,2,171.jpg,Healthy Teeth\171.jpg
val,Healthy Teeth,Healthy teeth,2,172.jpg,Healthy Teeth\172.jpg
val,Healthy Teeth,Healthy teeth,2,176.jpg,Healthy Teeth\176.jpg
val,Healthy Teeth,Healthy teeth,2,179.jpg,Healthy Teeth\179.jpg
val,Healthy Teeth,Healthy teeth,2,189.jpg,Healthy Teeth\189.jpg
val,Healthy Teeth,Healthy teeth,2,191.jpg,Healthy Teeth\191.jpg
val,Healthy Teeth,Healthy teeth,2,201.jpg,Healthy Teeth\201.jpg
val,Healthy Teeth,Healthy teeth,2,202.jpg,Healthy Teeth\202.jpg
val,Healthy Teeth,Healthy teeth,2,203.jpg,Healthy Teeth\203.jpg
val,Healthy Teeth,Healthy teeth,2,210.jpg,Healthy Teeth\210.jpg
val,Healthy Teeth,Healthy teeth,2,219.jpg,Healthy Teeth\219.jpg
val,Healthy Teeth,Healthy teeth,2,221.jpg,Healthy Teeth\221.jpg
val,Healthy Teeth,Healthy teeth,2,227.jpg,Healthy Teeth\227.jpg
val,Healthy Teeth,Healthy teeth,2,230.jpg,Healthy Teeth\230.jpg
val,Healthy Teeth,Healthy teeth,2,237.jpg,Healthy Teeth\237.jpg
val,Healthy Teeth,Healthy teeth,2,247.jpg,Healthy Teeth\247.jpg
val,Healthy Teeth,Healthy teeth,2,248.jpg,Healthy Teeth\248.jpg
val,Healthy Teeth,Healthy teeth,2,253.jpg,Healthy Teeth\253.jpg
val,Healthy Teeth,Healthy teeth,2,257.jpg,Healthy Teeth\257.jpg
val,Healthy Teeth,Healthy teeth,2,260.jpg,Healthy Teeth\260.jpg
val,Healthy Teeth,Healthy teeth,2,27.jpg,Healthy Teeth\27.jpg
val,Healthy Teeth,Healthy teeth,2,40.jpg,Healthy Teeth\40.jpg
val,Healthy Teeth,Healthy teeth,2,44.jpg,Healthy Teeth\44.jpg
val,Healthy Teeth,Healthy teeth,2,45.jpg,Healthy Teeth\45.jpg
val,Healthy Teeth,Healthy teeth,2,54.jpg,Healthy Teeth\54.jpg
val,Healthy Teeth,Healthy teeth,2,59.jpg,Healthy Teeth\59.jpg
val,Healthy Teeth,Healthy teeth,2,6.jpg,Healthy Teeth\6.jpg
val,Healthy Teeth,Healthy teeth,2,60.jpg,Healthy Teeth\60.jpg
val,Healthy Teeth,Healthy teeth,2,77.jpg,Healthy Teeth\77.jpg
val,Healthy Teeth,Healthy teeth,2,82.jpg,Healthy Teeth\82.jpg
val,Healthy Teeth,Healthy teeth,2,87.jpg,Healthy Teeth\87.jpg
val,Healthy Teeth,Healthy teeth,2,9.jpg,Healthy Teeth\9.jpg
val,Healthy Teeth,Healthy teeth,2,90.jpg,Healthy Teeth\90.jpg
val,Healthy Teeth,Healthy teeth,2,93.jpg,Healthy Teeth\93.jpg
val,Impacted teeth,Impacted teeth,3,108.jpg,Impacted teeth\108.jpg
val,Impacted teeth,Impacted teeth,3,116.jpg,Impacted teeth\116.jpg
val,Impacted teeth,Impacted teeth,3,128.jpg,Impacted teeth\128.jpg
val,Impacted teeth,Impacted teeth,3,152.jpg,Impacted teeth\152.jpg
val,Impacted teeth,Impacted teeth,3,158.jpg,Impacted teeth\158.jpg
val,Impacted teeth,Impacted teeth,3,164.jpg,Impacted teeth\164.jpg
val,Impacted teeth,Impacted teeth,3,165.jpg,Impacted teeth\165.jpg
val,Impacted teeth,Impacted teeth,3,177.jpg,Impacted teeth\177.jpg
val,Impacted teeth,Impacted teeth,3,180.jpg,Impacted teeth\180.jpg
val,Impacted teeth,Impacted teeth,3,196.jpg,Impacted teeth\196.jpg
val,Impacted teeth,Impacted teeth,3,201.jpg,Impacted teeth\201.jpg
val,Impacted teeth,Impacted teeth,3,202.jpg,Impacted teeth\202.jpg
val,Impacted teeth,Impacted teeth,3,225.jpg,Impacted teeth\225.jpg
val,Impacted teeth,Impacted teeth,3,32.jpg,Impacted teeth\32.jpg
val,Impacted teeth,Impacted teeth,3,58.jpg,Impacted teeth\58.jpg
val,Impacted teeth,Impacted teeth,3,68.jpg,Impacted teeth\68.jpg
val,Impacted teeth,Impacted teeth,3,88.jpg,Impacted teeth\88.jpg
test,BDC-BDR,Broken down crown/roots,0,109.jpg,BDC-BDR\109.jpg
test,BDC-BDR,Broken down crown/roots,0,122.jpg,BDC-BDR\122.jpg
test,BDC-BDR,Broken down crown/roots,0,129.jpg,BDC-BDR\129.jpg
test,BDC-BDR,Broken down crown/roots,0,15.jpg,BDC-BDR\15.jpg
test,BDC-BDR,Broken down crown/roots,0,154.jpg,BDC-BDR\154.jpg
test,BDC-BDR,Broken down crown/roots,0,159.jpg,BDC-BDR\159.jpg
test,BDC-BDR,Broken down crown/roots,0,178.jpg,BDC-BDR\178.jpg
test,BDC-BDR,Broken down crown/roots,0,194.jpg,BDC-BDR\194.jpg
test,BDC-BDR,Broken down crown/roots,0,43.jpg,BDC-BDR\43.jpg
test,BDC-BDR,Broken down crown/roots,0,50.jpg,BDC-BDR\50.jpg
test,Caries,Caries,1,1.jpg,Caries\1.jpg
test,Caries,Caries,1,10.jpg,Caries\10.jpg
test,Caries,Caries,1,100.jpg,Caries\100.jpg
test,Caries,Caries,1,108.jpg,Caries\108.jpg
test,Caries,Caries,1,113.jpg,Caries\113.jpg
test,Caries,Caries,1,121.jpg,Caries\121.jpg
test,Caries,Caries,1,129.jpg,Caries\129.jpg
test,Caries,Caries,1,146.jpg,Caries\146.jpg
test,Caries,Caries,1,15.jpg,Caries\15.jpg
test,Caries,Caries,1,151.jpg,Caries\151.jpg
test,Caries,Caries,1,154.jpg,Caries\154.jpg
test,Caries,Caries,1,162.jpg,Caries\162.jpg
test,Caries,Caries,1,163.jpg,Caries\163.jpg
test,Caries,Caries,1,164.jpg,Caries\164.jpg
test,Caries,Caries,1,178.jpg,Caries\178.jpg
test,Caries,Caries,1,18.jpg,Caries\18.jpg
test,Caries,Caries,1,187.jpg,Caries\187.jpg
test,Caries,Caries,1,212.jpg,Caries\212.jpg
test,Caries,Caries,1,240.jpg,Caries\240.jpg
test,Caries,Caries,1,30.jpg,Caries\30.jpg
test,Caries,Caries,1,32.jpg,Caries\32.jpg
test,Caries,Caries,1,46.jpg,Caries\46.jpg
test,Caries,Caries,1,71.jpg,Caries\71.jpg
test,Caries,Caries,1,72.jpg,Caries\72.jpg
test,Healthy Teeth,Healthy teeth,2,101.jpg,Healthy Teeth\101.jpg
test,Healthy Teeth,Healthy teeth,2,12.jpg,Healthy Teeth\12.jpg
test,Healthy Teeth,Healthy teeth,2,127.jpg,Healthy Teeth\127.jpg
test,Healthy Teeth,Healthy teeth,2,131.jpg,Healthy Teeth\131.jpg
test,Healthy Teeth,Healthy teeth,2,14.jpg,Healthy Teeth\14.jpg
test,Healthy Teeth,Healthy teeth,2,141.jpg,Healthy Teeth\141.jpg
test,Healthy Teeth,Healthy teeth,2,142.jpg,Healthy Teeth\142.jpg
test,Healthy Teeth,Healthy teeth,2,143.jpg,Healthy Teeth\143.jpg
test,Healthy Teeth,Healthy teeth,2,144.jpg,Healthy Teeth\144.jpg
test,Healthy Teeth,Healthy teeth,2,148.jpg,Healthy Teeth\148.jpg
test,Healthy Teeth,Healthy teeth,2,150.jpg,Healthy Teeth\150.jpg
test,Healthy Teeth,Healthy teeth,2,152.jpg,Healthy Teeth\152.jpg
test,Healthy Teeth,Healthy teeth,2,163.jpg,Healthy Teeth\163.jpg
test,Healthy Teeth,Healthy teeth,2,169.jpg,Healthy Teeth\169.jpg
test,Healthy Teeth,Healthy teeth,2,170.jpg,Healthy Teeth\170.jpg
test,Healthy Teeth,Healthy teeth,2,173.jpg,Healthy Teeth\173.jpg
test,Healthy Teeth,Healthy teeth,2,18.jpg,Healthy Teeth\18.jpg
test,Healthy Teeth,Healthy teeth,2,184.jpg,Healthy Teeth\184.jpg
test,Healthy Teeth,Healthy teeth,2,187.jpg,Healthy Teeth\187.jpg
test,Healthy Teeth,Healthy teeth,2,188.jpg,Healthy Teeth\188.jpg
test,Healthy Teeth,Healthy teeth,2,194.jpg,Healthy Teeth\194.jpg
test,Healthy Teeth,Healthy teeth,2,196.jpg,Healthy Teeth\196.jpg
test,Healthy Teeth,Healthy teeth,2,20.jpg,Healthy Teeth\20.jpg
test,Healthy Teeth,Healthy teeth,2,204.jpg,Healthy Teeth\204.jpg
test,Healthy Teeth,Healthy teeth,2,21.jpg,Healthy Teeth\21.jpg
test,Healthy Teeth,Healthy teeth,2,218.jpg,Healthy Teeth\218.jpg
test,Healthy Teeth,Healthy teeth,2,220.jpg,Healthy Teeth\220.jpg
test,Healthy Teeth,Healthy teeth,2,222.jpg,Healthy Teeth\222.jpg
test,Healthy Teeth,Healthy teeth,2,225.jpg,Healthy Teeth\225.jpg
test,Healthy Teeth,Healthy teeth,2,228.jpg,Healthy Teeth\228.jpg
test,Healthy Teeth,Healthy teeth,2,232.jpg,Healthy Teeth\232.jpg
test,Healthy Teeth,Healthy teeth,2,234.jpg,Healthy Teeth\234.jpg
test,Healthy Teeth,Healthy teeth,2,238.jpg,Healthy Teeth\238.jpg
test,Healthy Teeth,Healthy teeth,2,241.jpg,Healthy Teeth\241.jpg
test,Healthy Teeth,Healthy teeth,2,256.jpg,Healthy Teeth\256.jpg
test,Healthy Teeth,Healthy teeth,2,48.jpg,Healthy Teeth\48.jpg
test,Healthy Teeth,Healthy teeth,2,51.jpg,Healthy Teeth\51.jpg
test,Healthy Teeth,Healthy teeth,2,58.jpg,Healthy Teeth\58.jpg
test,Healthy Teeth,Healthy teeth,2,68.jpg,Healthy Teeth\68.jpg
test,Healthy Teeth,Healthy teeth,2,80.jpg,Healthy Teeth\80.jpg
test,Healthy Teeth,Healthy teeth,2,84.jpg,Healthy Teeth\84.jpg
test,Healthy Teeth,Healthy teeth,2,85.jpg,Healthy Teeth\85.jpg
test,Healthy Teeth,Healthy teeth,2,86.jpg,Healthy Teeth\86.jpg
test,Healthy Teeth,Healthy teeth,2,97.jpg,Healthy Teeth\97.jpg
test,Healthy Teeth,Healthy teeth,2,98.jpg,Healthy Teeth\98.jpg
test,Impacted teeth,Impacted teeth,3,110.jpg,Impacted teeth\110.jpg
test,Impacted teeth,Impacted teeth,3,137.jpg,Impacted teeth\137.jpg
test,Impacted teeth,Impacted teeth,3,145.jpg,Impacted teeth\145.jpg
test,Impacted teeth,Impacted teeth,3,156.jpg,Impacted teeth\156.jpg
test,Impacted teeth,Impacted teeth,3,163.jpg,Impacted teeth\163.jpg
test,Impacted teeth,Impacted teeth,3,166.jpg,Impacted teeth\166.jpg
test,Impacted teeth,Impacted teeth,3,173.jpg,Impacted teeth\173.jpg
test,Impacted teeth,Impacted teeth,3,187.jpg,Impacted teeth\187.jpg
test,Impacted teeth,Impacted teeth,3,188.jpg,Impacted teeth\188.jpg
test,Impacted teeth,Impacted teeth,3,194.jpg,Impacted teeth\194.jpg
test,Impacted teeth,Impacted teeth,3,199.jpg,Impacted teeth\199.jpg
test,Impacted teeth,Impacted teeth,3,211.jpg,Impacted teeth\211.jpg
test,Impacted teeth,Impacted teeth,3,45.jpg,Impacted teeth\45.jpg
test,Impacted teeth,Impacted teeth,3,46.jpg,Impacted teeth\46.jpg
test,Impacted teeth,Impacted teeth,3,49.jpg,Impacted teeth\49.jpg
test,Impacted teeth,Impacted teeth,3,55.jpg,Impacted teeth\55.jpg
test,Impacted teeth,Impacted teeth,3,82.jpg,Impacted teeth\82.jpg
